<?xml version="1.0" encoding="utf-8"?>
<extension version="1.6.0" type="plugin" group="system" method="upgrade">
    <name>Installer</name>
	<author>RocketTheme, LLC</author>
	<creationDate>January 25, 2012</creationDate>
	<copyright>(C) 2005 - 2012 RocketTheme, LLC. All rights reserved.</copyright>
	<license>http://www.gnu.org/copyleft/gpl.html GNU/GPL</license>
	<authorEmail>support@rockettheme.com</authorEmail>
	<authorUrl>http://www.rockettheme.com</authorUrl>
	<version>3.2.15</version>
	<description></description>
    <scriptfile>install.script.php</scriptfile>
    <files>
        <filename plugin="installer">installer.php</filename>
    </files>
    <cogs>
        <cog type="template" client="site" access="1" enabled="true" protected="false" remove_style="true">
            activity
            <name>activity</name>
            <description>${project.description}</description>
            <style name="activity - Default" default="false" master="true" paramsfile="template-options.xml"/>
        </cog>
    </cogs>
</extension>
