<?xml version="1.0" encoding="utf-8"?>
<extension type="module" version="1.7" client="site" method="upgrade">
<name>MB Cycle Slider</name>
<author>Mariusz Boloz</author>
<creationDate>December 2011</creationDate>
<copyright>Copyright (C) 2011 mariuszboloz.com All rights reserved.</copyright>
<license>GLP</license>
<authorEmail>mariuszboloz@gmail.com</authorEmail>
<authorUrl>www.mariuszboloz.com</authorUrl>
<version>1.0</version>	

<description>
<![CDATA[]]>
</description>
<files>
<filename module="mod_mbCycleSlider">mod_mbCycleSlider.php</filename>
<filename>index.html</filename>
<filename>helper.php</filename>
<filename>tmpl/index.html</filename>
<filename>tmpl/default.php</filename>
<folder>js</folder>
<folder>elements</folder>
<folder>css</folder>
<folder>images</folder>
</files>

<languages folder="language">
	<language tag="en-GB">en-GB.mod_mbCycleSlider.ini</language>
</languages>

<config>
	<fields name="params">
	
		<!-- BASIC PARAMETERS -->
		
		<fieldset name="Basic">	
		<field name="moduleclass_sfx" type="text" default="" label="MODULE_CLASS_SUFFIX" description="MODULE_CLASS_SUFFIX_DESC" />	
		<field name="jquery" type="radio" default="1" label="JQUERY" description="JQUERY_DESC" >
				<option value="1">Yes</option>
				<option value="0">No</option>
		</field>
		<field name="slidetype" type="list" default="fade" label="SLIDE_TYPE" description="SLIDE_TYPE_DESC" >
				<option value="fade">fade</option>
				<option value="blindX">blindX</option>
				<option value="blindY">blindY</option>
				<option value="blindZ">blindZ</option>
				<option value="cover">cover</option>
				<option value="curtainX">curtainX</option>
				<option value="curtainY">curtainY</option>
				<option value="fadeZoom">fadeZoom</option>
				<option value="growX">growX</option>
				<option value="growY">growY</option>
				<option value="scrollUp">scrollUp</option>
				<option value="scrollDown">scrollDown</option>
				<option value="scrollLeft">scrollLeft</option>
				<option value="scrollRight">scrollRight</option>
				<option value="scrollHorz">scrollHorz</option>
				<option value="scrollVert">scrollVert</option>
				<option value="shuffle">shuffle</option>
				<option value="slideX">slideX</option>
				<option value="slideY">slideY</option>
				<option value="toss">toss</option>
				<option value="turnUp">turnUp</option>
				<option value="turnDown">turnDown</option>
				<option value="turnLeft">turnLeft</option>
				<option value="turnRight">turnRight</option>
				<option value="uncover">uncover</option>
				<option value="wipe">wipe</option>
				<option value="zoom">zoom</option>
		</field>	
		<field name="timeout" type="text" size="20" default="5000" label="TIMEOUT" description="TIMEOUT_DESC" />
		<field name="speed" type="text" size="20" default="1500" label="SPEED" description="SPEED_DESC" />
		<field name="nav" type="radio" default="1" label="NAV" description="NAV_DESC" >
				<option value="1">Yes</option>
				<option value="0">No</option>
		</field>
		<field name="height" type="text" size="20" default="600px" label="HEIGHT" description="HEIGHT_DESC" />
		</fieldset>	
		
		<!-- //BASIC PARAMETERS -->
		
		
		
		
		
		<!-- //GOOGLE FONTS -->
		
		<fieldset name="Google Fonts" description="" label="GOOGLE_FONTS">		
		<field name="font_enabler" type="radio" default="1" label="FONT_ENABLER" description="FONT_ENABLER_DESC" >
				<option value="1">Yes</option>
				<option value="0">No</option>
		</field>
		<field name="font_family" type="text" size="20" default="Wire One" label="FONT_FAMILY" description="FONT_FAMILY_DESC" />					
		</fieldset>
		
		<!-- //GOOGLE FONTS -->
		
		
		
		
		
		<!-- SLIDE 1 -->	
		
		<fieldset name="slide1" description="" label="SLIDE1">				
			<field name="slide1_img" type="media" default="" label="SLIDE_IMAGE" description="SLIDE_IMAGE_DESC" />				
			<field name="slide1_title" type="textarea" size="20" default="" label="SLIDE_TITLE" description="SLIDE_TITLE_DESC" />
			<field name="slide1_headingsize" type="list" default="42px" label="HEADING_SIZE" description="HEADING_SIZE_DESC" >
				<option value="12px">12px</option>
				<option value="13px">13px</option>
				<option value="14px">14px</option>	
				<option value="15px">15px</option>	
				<option value="16px">16px</option>	
				<option value="17px">17px</option>	
				<option value="18px">18px</option>	
				<option value="19px">19px</option>	
				<option value="20px">20px</option>	
				<option value="21px">21px</option>	
				<option value="22px">22px</option>	
				<option value="23px">23px</option>	
				<option value="24px">24px</option>	
				<option value="25px">25px</option>	
				<option value="26px">26px</option>	
				<option value="27px">27px</option>	
				<option value="28px">28px</option>	
				<option value="29px">29px</option>	
				<option value="30px">30px</option>	
				<option value="31px">31px</option>	
				<option value="32px">32px</option>	
				<option value="33px">33px</option>	
				<option value="13px">34px</option>	
				<option value="34px">34px</option>	
				<option value="35px">35px</option>	
				<option value="36px">36px</option>	
				<option value="37px">37px</option>	
				<option value="38px">38px</option>	
				<option value="39px">39px</option>	
				<option value="40px">40px</option>	
				<option value="41px">41px</option>	
				<option value="42px">42px</option>	
				<option value="43px">43px</option>	
				<option value="44px">44px</option>	
				<option value="45px">45px</option>	
				<option value="46px">46px</option>	
				<option value="47px">47px</option>	
				<option value="48px">48px</option>	
				<option value="49px">49px</option>
				<option value="50px">50px</option>				
				<option value="51px">51px</option>	
				<option value="52px">52px</option>	
				<option value="53px">53px</option>	
				<option value="54px">54px</option>	
				<option value="55px">55px</option>	
				<option value="56px">56px</option>	
				<option value="57px">57px</option>	
				<option value="58px">58px</option>	
				<option value="59px">59px</option>	
				<option value="60px">60px</option>
				<option value="61px">61px</option>	
				<option value="62px">62px</option>	
				<option value="63px">63px</option>	
				<option value="64px">64px</option>	
				<option value="65px">65px</option>	
				<option value="66px">66px</option>	
				<option value="67px">67px</option>	
				<option value="68px">68px</option>	
				<option value="69px">69px</option>	
				<option value="70px">70px</option>	
				<option value="71px">71px</option>
				<option value="72px">72px</option>	
				<option value="73px">73px</option>	
				<option value="74px">74px</option>	
				<option value="75px">75px</option>	
				<option value="76px">76px</option>	
				<option value="77px">77px</option>	
				<option value="78px">78px</option>	
				<option value="79px">79px</option>				
				<option value="80px">80px</option>	
				<option value="81px">81px</option>	
				<option value="82px">82px</option>
				<option value="83px">83px</option>						
				<option value="84px">84px</option>	
				<option value="85px">85px</option>	
				<option value="86px">86px</option>	
				<option value="87px">87px</option>	
				<option value="88px">88px</option>	
				<option value="89px">89px</option>				
				<option value="90px">90px</option>	
				<option value="91px">91px</option>
				<option value="92px">92px</option>			
				<option value="93px">93px</option>	
				<option value="94px">94px</option>	
				<option value="95px">95px</option>	
				<option value="96px">96px</option>	
				<option value="97px">97px</option>	
				<option value="98px">98px</option>	
				<option value="99px">99px</option>	
				<option value="100px">100px</option>				
			</field>
			<field name="slide1_desc" type="textarea" size="20" default="" label="SLIDE_DESC" description="SLIDE_DESC_DESC" />
			<field name="slide1_textsize" type="list" default="16px" label="TEXT_SIZE" description="TEXT_SIZE_DESC" >				
				<option value="6px">6px</option>
				<option value="8px">8px</option>
				<option value="9px">9px</option>
				<option value="10px">10px</option>
				<option value="11px">11px</option>
				<option value="12px">12px</option>
				<option value="13px">13px</option>
				<option value="14px">14px</option>	
				<option value="15px">15px</option>	
				<option value="16px">16px</option>	
				<option value="17px">17px</option>	
				<option value="18px">18px</option>	
				<option value="19px">19px</option>	
				<option value="20px">20px</option>	
				<option value="21px">21px</option>	
				<option value="22px">22px</option>	
				<option value="23px">23px</option>	
				<option value="24px">24px</option>	
				<option value="25px">25px</option>	
				<option value="26px">26px</option>	
				<option value="27px">27px</option>	
				<option value="28px">28px</option>	
				<option value="29px">29px</option>	
				<option value="30px">30px</option>	
				<option value="31px">31px</option>	
				<option value="32px">32px</option>	
				<option value="33px">33px</option>	
				<option value="13px">34px</option>	
				<option value="34px">34px</option>	
				<option value="35px">35px</option>	
				<option value="36px">36px</option>	
				<option value="37px">37px</option>	
				<option value="38px">38px</option>	
				<option value="39px">39px</option>	
				<option value="40px">40px</option>	
				<option value="41px">41px</option>	
				<option value="42px">42px</option>	
				<option value="43px">43px</option>	
				<option value="44px">44px</option>	
				<option value="45px">45px</option>	
				<option value="46px">46px</option>	
				<option value="47px">47px</option>	
				<option value="48px">48px</option>	
				<option value="49px">49px</option>
				<option value="50px">50px</option>				
				<option value="51px">51px</option>	
				<option value="52px">52px</option>	
				<option value="53px">53px</option>	
				<option value="54px">54px</option>	
				<option value="55px">55px</option>	
				<option value="56px">56px</option>	
				<option value="57px">57px</option>	
				<option value="58px">58px</option>	
				<option value="59px">59px</option>	
				<option value="60px">60px</option>
				<option value="61px">61px</option>	
				<option value="62px">62px</option>	
				<option value="63px">63px</option>	
				<option value="64px">64px</option>	
				<option value="65px">65px</option>	
				<option value="66px">66px</option>	
				<option value="67px">67px</option>	
				<option value="68px">68px</option>	
				<option value="69px">69px</option>	
				<option value="70px">70px</option>	
				<option value="71px">71px</option>
				<option value="72px">72px</option>	
				<option value="73px">73px</option>	
				<option value="74px">74px</option>	
				<option value="75px">75px</option>	
				<option value="76px">76px</option>	
				<option value="77px">77px</option>	
				<option value="78px">78px</option>	
				<option value="79px">79px</option>				
				<option value="80px">80px</option>	
				<option value="81px">81px</option>	
				<option value="82px">82px</option>
				<option value="83px">83px</option>						
				<option value="84px">84px</option>	
				<option value="85px">85px</option>	
				<option value="86px">86px</option>	
				<option value="87px">87px</option>	
				<option value="88px">88px</option>	
				<option value="89px">89px</option>				
				<option value="90px">90px</option>	
				<option value="91px">91px</option>
				<option value="92px">92px</option>			
				<option value="93px">93px</option>	
				<option value="94px">94px</option>	
				<option value="95px">95px</option>	
				<option value="96px">96px</option>	
				<option value="97px">97px</option>	
				<option value="98px">98px</option>	
				<option value="99px">99px</option>	
				<option value="100px">100px</option>				
			</field>	
			<field name="slide1_link" type="text" size="30" default="" label="SLIDE_LINK" description="SLIDE_LINK_DESC" />
			<field name="slide1_target" type="list" default="_self" label="SLIDE_TARGET" description="SLIDE_TARGET_DESC" >
				<option value="_self">Self</option>
				<option value="_blank">Blank</option>				
			</field>
			<field name="slide1_textlink" type="text" size="30" default="Read more" label="SLIDE_TEXTLINK" description="SLIDE_TEXTLINK_DESC" />
			<field name="slide1_padding" type="text" size="30" default="230px 400px 0px 0px" label="SLIDE_PADDING" description="SLIDE_PADDING_DESC" />
			<field name="slide1_align" type="list" default="left" label="SLIDE_ALIGN" description="SLIDE_ALIGN_DESC" >
				<option value="left">Left</option>
				<option value="right">Right</option>
				<option value="center">Center</option>				
			</field>
			
		</fieldset>
		
		<!-- //SLIDE 1 -->




		<!-- SLIDE 2 -->	
		
		<fieldset name="slide2" description="" label="SLIDE2">				
			<field name="slide2_img" type="media" default="" label="SLIDE_IMAGE" description="SLIDE_IMAGE_DESC" />				
			<field name="slide2_title" type="textarea" size="20" default="" label="SLIDE_TITLE" description="SLIDE_TITLE_DESC" />
			<field name="slide2_headingsize" type="list" default="42px" label="HEADING_SIZE" description="HEADING_SIZE_DESC" >
				<option value="12px">12px</option>
				<option value="13px">13px</option>
				<option value="14px">14px</option>	
				<option value="15px">15px</option>	
				<option value="16px">16px</option>	
				<option value="17px">17px</option>	
				<option value="18px">18px</option>	
				<option value="19px">19px</option>	
				<option value="20px">20px</option>	
				<option value="21px">21px</option>	
				<option value="22px">22px</option>	
				<option value="23px">23px</option>	
				<option value="24px">24px</option>	
				<option value="25px">25px</option>	
				<option value="26px">26px</option>	
				<option value="27px">27px</option>	
				<option value="28px">28px</option>	
				<option value="29px">29px</option>	
				<option value="30px">30px</option>	
				<option value="31px">31px</option>	
				<option value="32px">32px</option>	
				<option value="33px">33px</option>	
				<option value="13px">34px</option>	
				<option value="34px">34px</option>	
				<option value="35px">35px</option>	
				<option value="36px">36px</option>	
				<option value="37px">37px</option>	
				<option value="38px">38px</option>	
				<option value="39px">39px</option>	
				<option value="40px">40px</option>	
				<option value="41px">41px</option>	
				<option value="42px">42px</option>	
				<option value="43px">43px</option>	
				<option value="44px">44px</option>	
				<option value="45px">45px</option>	
				<option value="46px">46px</option>	
				<option value="47px">47px</option>	
				<option value="48px">48px</option>	
				<option value="49px">49px</option>
				<option value="50px">50px</option>				
				<option value="51px">51px</option>	
				<option value="52px">52px</option>	
				<option value="53px">53px</option>	
				<option value="54px">54px</option>	
				<option value="55px">55px</option>	
				<option value="56px">56px</option>	
				<option value="57px">57px</option>	
				<option value="58px">58px</option>	
				<option value="59px">59px</option>	
				<option value="60px">60px</option>
				<option value="61px">61px</option>	
				<option value="62px">62px</option>	
				<option value="63px">63px</option>	
				<option value="64px">64px</option>	
				<option value="65px">65px</option>	
				<option value="66px">66px</option>	
				<option value="67px">67px</option>	
				<option value="68px">68px</option>	
				<option value="69px">69px</option>	
				<option value="70px">70px</option>	
				<option value="71px">71px</option>
				<option value="72px">72px</option>	
				<option value="73px">73px</option>	
				<option value="74px">74px</option>	
				<option value="75px">75px</option>	
				<option value="76px">76px</option>	
				<option value="77px">77px</option>	
				<option value="78px">78px</option>	
				<option value="79px">79px</option>				
				<option value="80px">80px</option>	
				<option value="81px">81px</option>	
				<option value="82px">82px</option>
				<option value="83px">83px</option>						
				<option value="84px">84px</option>	
				<option value="85px">85px</option>	
				<option value="86px">86px</option>	
				<option value="87px">87px</option>	
				<option value="88px">88px</option>	
				<option value="89px">89px</option>				
				<option value="90px">90px</option>	
				<option value="91px">91px</option>
				<option value="92px">92px</option>			
				<option value="93px">93px</option>	
				<option value="94px">94px</option>	
				<option value="95px">95px</option>	
				<option value="96px">96px</option>	
				<option value="97px">97px</option>	
				<option value="98px">98px</option>	
				<option value="99px">99px</option>	
				<option value="100px">100px</option>				
			</field>
			<field name="slide2_desc" type="textarea" size="20" default="" label="SLIDE_DESC" description="SLIDE_DESC_DESC" />
			<field name="slide2_textsize" type="list" default="16px" label="TEXT_SIZE" description="TEXT_SIZE_DESC" >				
				<option value="6px">6px</option>
				<option value="8px">8px</option>
				<option value="9px">9px</option>
				<option value="10px">10px</option>
				<option value="11px">11px</option>
				<option value="12px">12px</option>
				<option value="13px">13px</option>
				<option value="14px">14px</option>	
				<option value="15px">15px</option>	
				<option value="16px">16px</option>	
				<option value="17px">17px</option>	
				<option value="18px">18px</option>	
				<option value="19px">19px</option>	
				<option value="20px">20px</option>	
				<option value="21px">21px</option>	
				<option value="22px">22px</option>	
				<option value="23px">23px</option>	
				<option value="24px">24px</option>	
				<option value="25px">25px</option>	
				<option value="26px">26px</option>	
				<option value="27px">27px</option>	
				<option value="28px">28px</option>	
				<option value="29px">29px</option>	
				<option value="30px">30px</option>	
				<option value="31px">31px</option>	
				<option value="32px">32px</option>	
				<option value="33px">33px</option>	
				<option value="13px">34px</option>	
				<option value="34px">34px</option>	
				<option value="35px">35px</option>	
				<option value="36px">36px</option>	
				<option value="37px">37px</option>	
				<option value="38px">38px</option>	
				<option value="39px">39px</option>	
				<option value="40px">40px</option>	
				<option value="41px">41px</option>	
				<option value="42px">42px</option>	
				<option value="43px">43px</option>	
				<option value="44px">44px</option>	
				<option value="45px">45px</option>	
				<option value="46px">46px</option>	
				<option value="47px">47px</option>	
				<option value="48px">48px</option>	
				<option value="49px">49px</option>
				<option value="50px">50px</option>				
				<option value="51px">51px</option>	
				<option value="52px">52px</option>	
				<option value="53px">53px</option>	
				<option value="54px">54px</option>	
				<option value="55px">55px</option>	
				<option value="56px">56px</option>	
				<option value="57px">57px</option>	
				<option value="58px">58px</option>	
				<option value="59px">59px</option>	
				<option value="60px">60px</option>
				<option value="61px">61px</option>	
				<option value="62px">62px</option>	
				<option value="63px">63px</option>	
				<option value="64px">64px</option>	
				<option value="65px">65px</option>	
				<option value="66px">66px</option>	
				<option value="67px">67px</option>	
				<option value="68px">68px</option>	
				<option value="69px">69px</option>	
				<option value="70px">70px</option>	
				<option value="71px">71px</option>
				<option value="72px">72px</option>	
				<option value="73px">73px</option>	
				<option value="74px">74px</option>	
				<option value="75px">75px</option>	
				<option value="76px">76px</option>	
				<option value="77px">77px</option>	
				<option value="78px">78px</option>	
				<option value="79px">79px</option>				
				<option value="80px">80px</option>	
				<option value="81px">81px</option>	
				<option value="82px">82px</option>
				<option value="83px">83px</option>						
				<option value="84px">84px</option>	
				<option value="85px">85px</option>	
				<option value="86px">86px</option>	
				<option value="87px">87px</option>	
				<option value="88px">88px</option>	
				<option value="89px">89px</option>				
				<option value="90px">90px</option>	
				<option value="91px">91px</option>
				<option value="92px">92px</option>			
				<option value="93px">93px</option>	
				<option value="94px">94px</option>	
				<option value="95px">95px</option>	
				<option value="96px">96px</option>	
				<option value="97px">97px</option>	
				<option value="98px">98px</option>	
				<option value="99px">99px</option>	
				<option value="100px">100px</option>				
			</field>			
			<field name="slide2_link" type="text" size="30" default="" label="SLIDE_LINK" description="SLIDE_LINK_DESC" />
			<field name="slide2_target" type="list" default="_self" label="SLIDE_TARGET" description="SLIDE_TARGET_DESC" >
				<option value="_self">Self</option>
				<option value="_blank">Blank</option>				
			</field>
			<field name="slide2_textlink" type="text" size="30" default="Read more" label="SLIDE_TEXTLINK" description="SLIDE_TEXTLINK_DESC" />
			<field name="slide2_padding" type="text" size="30" default="230px 400px 0px 0px" label="SLIDE_PADDING" description="SLIDE_PADDING_DESC" />
			<field name="slide2_align" type="list" default="left" label="SLIDE_ALIGN" description="SLIDE_ALIGN_DESC" >
				<option value="left">Left</option>
				<option value="right">Right</option>
				<option value="center">Center</option>				
			</field>
			
		</fieldset>
		
		<!-- //SLIDE 2 -->







		<!-- SLIDE 3 -->	
		
		<fieldset name="slide3" description="" label="SLIDE3">				
			<field name="slide3_img" type="media" default="" label="SLIDE_IMAGE" description="SLIDE_IMAGE_DESC" />				
			<field name="slide3_title" type="textarea" size="20" default="" label="SLIDE_TITLE" description="SLIDE_TITLE_DESC" />
			<field name="slide3_headingsize" type="list" default="42px" label="HEADING_SIZE" description="HEADING_SIZE_DESC" >
				<option value="12px">12px</option>
				<option value="13px">13px</option>
				<option value="14px">14px</option>	
				<option value="15px">15px</option>	
				<option value="16px">16px</option>	
				<option value="17px">17px</option>	
				<option value="18px">18px</option>	
				<option value="19px">19px</option>	
				<option value="20px">20px</option>	
				<option value="21px">21px</option>	
				<option value="22px">22px</option>	
				<option value="23px">23px</option>	
				<option value="24px">24px</option>	
				<option value="25px">25px</option>	
				<option value="26px">26px</option>	
				<option value="27px">27px</option>	
				<option value="28px">28px</option>	
				<option value="29px">29px</option>	
				<option value="30px">30px</option>	
				<option value="31px">31px</option>	
				<option value="32px">32px</option>	
				<option value="33px">33px</option>	
				<option value="13px">34px</option>	
				<option value="34px">34px</option>	
				<option value="35px">35px</option>	
				<option value="36px">36px</option>	
				<option value="37px">37px</option>	
				<option value="38px">38px</option>	
				<option value="39px">39px</option>	
				<option value="40px">40px</option>	
				<option value="41px">41px</option>	
				<option value="42px">42px</option>	
				<option value="43px">43px</option>	
				<option value="44px">44px</option>	
				<option value="45px">45px</option>	
				<option value="46px">46px</option>	
				<option value="47px">47px</option>	
				<option value="48px">48px</option>	
				<option value="49px">49px</option>
				<option value="50px">50px</option>				
				<option value="51px">51px</option>	
				<option value="52px">52px</option>	
				<option value="53px">53px</option>	
				<option value="54px">54px</option>	
				<option value="55px">55px</option>	
				<option value="56px">56px</option>	
				<option value="57px">57px</option>	
				<option value="58px">58px</option>	
				<option value="59px">59px</option>	
				<option value="60px">60px</option>
				<option value="61px">61px</option>	
				<option value="62px">62px</option>	
				<option value="63px">63px</option>	
				<option value="64px">64px</option>	
				<option value="65px">65px</option>	
				<option value="66px">66px</option>	
				<option value="67px">67px</option>	
				<option value="68px">68px</option>	
				<option value="69px">69px</option>	
				<option value="70px">70px</option>	
				<option value="71px">71px</option>
				<option value="72px">72px</option>	
				<option value="73px">73px</option>	
				<option value="74px">74px</option>	
				<option value="75px">75px</option>	
				<option value="76px">76px</option>	
				<option value="77px">77px</option>	
				<option value="78px">78px</option>	
				<option value="79px">79px</option>				
				<option value="80px">80px</option>	
				<option value="81px">81px</option>	
				<option value="82px">82px</option>
				<option value="83px">83px</option>						
				<option value="84px">84px</option>	
				<option value="85px">85px</option>	
				<option value="86px">86px</option>	
				<option value="87px">87px</option>	
				<option value="88px">88px</option>	
				<option value="89px">89px</option>				
				<option value="90px">90px</option>	
				<option value="91px">91px</option>
				<option value="92px">92px</option>			
				<option value="93px">93px</option>	
				<option value="94px">94px</option>	
				<option value="95px">95px</option>	
				<option value="96px">96px</option>	
				<option value="97px">97px</option>	
				<option value="98px">98px</option>	
				<option value="99px">99px</option>	
				<option value="100px">100px</option>				
			</field>
			<field name="slide3_desc" type="textarea" size="20" default="" label="SLIDE_DESC" description="SLIDE_DESC_DESC" />
			<field name="slide3_textsize" type="list" default="16px" label="TEXT_SIZE" description="TEXT_SIZE_DESC" >				
				<option value="6px">6px</option>
				<option value="8px">8px</option>
				<option value="9px">9px</option>
				<option value="10px">10px</option>
				<option value="11px">11px</option>
				<option value="12px">12px</option>
				<option value="13px">13px</option>
				<option value="14px">14px</option>	
				<option value="15px">15px</option>	
				<option value="16px">16px</option>	
				<option value="17px">17px</option>	
				<option value="18px">18px</option>	
				<option value="19px">19px</option>	
				<option value="20px">20px</option>	
				<option value="21px">21px</option>	
				<option value="22px">22px</option>	
				<option value="23px">23px</option>	
				<option value="24px">24px</option>	
				<option value="25px">25px</option>	
				<option value="26px">26px</option>	
				<option value="27px">27px</option>	
				<option value="28px">28px</option>	
				<option value="29px">29px</option>	
				<option value="30px">30px</option>	
				<option value="31px">31px</option>	
				<option value="32px">32px</option>	
				<option value="33px">33px</option>	
				<option value="13px">34px</option>	
				<option value="34px">34px</option>	
				<option value="35px">35px</option>	
				<option value="36px">36px</option>	
				<option value="37px">37px</option>	
				<option value="38px">38px</option>	
				<option value="39px">39px</option>	
				<option value="40px">40px</option>	
				<option value="41px">41px</option>	
				<option value="42px">42px</option>	
				<option value="43px">43px</option>	
				<option value="44px">44px</option>	
				<option value="45px">45px</option>	
				<option value="46px">46px</option>	
				<option value="47px">47px</option>	
				<option value="48px">48px</option>	
				<option value="49px">49px</option>
				<option value="50px">50px</option>				
				<option value="51px">51px</option>	
				<option value="52px">52px</option>	
				<option value="53px">53px</option>	
				<option value="54px">54px</option>	
				<option value="55px">55px</option>	
				<option value="56px">56px</option>	
				<option value="57px">57px</option>	
				<option value="58px">58px</option>	
				<option value="59px">59px</option>	
				<option value="60px">60px</option>
				<option value="61px">61px</option>	
				<option value="62px">62px</option>	
				<option value="63px">63px</option>	
				<option value="64px">64px</option>	
				<option value="65px">65px</option>	
				<option value="66px">66px</option>	
				<option value="67px">67px</option>	
				<option value="68px">68px</option>	
				<option value="69px">69px</option>	
				<option value="70px">70px</option>	
				<option value="71px">71px</option>
				<option value="72px">72px</option>	
				<option value="73px">73px</option>	
				<option value="74px">74px</option>	
				<option value="75px">75px</option>	
				<option value="76px">76px</option>	
				<option value="77px">77px</option>	
				<option value="78px">78px</option>	
				<option value="79px">79px</option>				
				<option value="80px">80px</option>	
				<option value="81px">81px</option>	
				<option value="82px">82px</option>
				<option value="83px">83px</option>						
				<option value="84px">84px</option>	
				<option value="85px">85px</option>	
				<option value="86px">86px</option>	
				<option value="87px">87px</option>	
				<option value="88px">88px</option>	
				<option value="89px">89px</option>				
				<option value="90px">90px</option>	
				<option value="91px">91px</option>
				<option value="92px">92px</option>			
				<option value="93px">93px</option>	
				<option value="94px">94px</option>	
				<option value="95px">95px</option>	
				<option value="96px">96px</option>	
				<option value="97px">97px</option>	
				<option value="98px">98px</option>	
				<option value="99px">99px</option>	
				<option value="100px">100px</option>				
			</field>	
			<field name="slide3_link" type="text" size="30" default="" label="SLIDE_LINK" description="SLIDE_LINK_DESC" />
			<field name="slide3_target" type="list" default="_self" label="SLIDE_TARGET" description="SLIDE_TARGET_DESC" >
				<option value="_self">Self</option>
				<option value="_blank">Blank</option>				
			</field>
			<field name="slide3_textlink" type="text" size="30" default="Read more" label="SLIDE_TEXTLINK" description="SLIDE_TEXTLINK_DESC" />
			<field name="slide3_padding" type="text" size="30" default="230px 400px 0px 0px" label="SLIDE_PADDING" description="SLIDE_PADDING_DESC" />
			<field name="slide3_align" type="list" default="left" label="SLIDE_ALIGN" description="SLIDE_ALIGN_DESC" >
				<option value="left">Left</option>
				<option value="right">Right</option>
				<option value="center">Center</option>				
			</field>
			
		</fieldset>
		
		<!-- //SLIDE 3 -->







		<!-- SLIDE 4 -->	
		
		<fieldset name="slide4" description="" label="SLIDE4">				
			<field name="slide4_img" type="media" default="" label="SLIDE_IMAGE" description="SLIDE_IMAGE_DESC" />				
			<field name="slide4_title" type="textarea" size="20" default="" label="SLIDE_TITLE" description="SLIDE_TITLE_DESC" />
			<field name="slide4_headingsize" type="list" default="42px" label="HEADING_SIZE" description="HEADING_SIZE_DESC" >
				<option value="12px">12px</option>
				<option value="13px">13px</option>
				<option value="14px">14px</option>	
				<option value="15px">15px</option>	
				<option value="16px">16px</option>	
				<option value="17px">17px</option>	
				<option value="18px">18px</option>	
				<option value="19px">19px</option>	
				<option value="20px">20px</option>	
				<option value="21px">21px</option>	
				<option value="22px">22px</option>	
				<option value="23px">23px</option>	
				<option value="24px">24px</option>	
				<option value="25px">25px</option>	
				<option value="26px">26px</option>	
				<option value="27px">27px</option>	
				<option value="28px">28px</option>	
				<option value="29px">29px</option>	
				<option value="30px">30px</option>	
				<option value="31px">31px</option>	
				<option value="32px">32px</option>	
				<option value="33px">33px</option>	
				<option value="13px">34px</option>	
				<option value="34px">34px</option>	
				<option value="35px">35px</option>	
				<option value="36px">36px</option>	
				<option value="37px">37px</option>	
				<option value="38px">38px</option>	
				<option value="39px">39px</option>	
				<option value="40px">40px</option>	
				<option value="41px">41px</option>	
				<option value="42px">42px</option>	
				<option value="43px">43px</option>	
				<option value="44px">44px</option>	
				<option value="45px">45px</option>	
				<option value="46px">46px</option>	
				<option value="47px">47px</option>	
				<option value="48px">48px</option>	
				<option value="49px">49px</option>
				<option value="50px">50px</option>				
				<option value="51px">51px</option>	
				<option value="52px">52px</option>	
				<option value="53px">53px</option>	
				<option value="54px">54px</option>	
				<option value="55px">55px</option>	
				<option value="56px">56px</option>	
				<option value="57px">57px</option>	
				<option value="58px">58px</option>	
				<option value="59px">59px</option>	
				<option value="60px">60px</option>
				<option value="61px">61px</option>	
				<option value="62px">62px</option>	
				<option value="63px">63px</option>	
				<option value="64px">64px</option>	
				<option value="65px">65px</option>	
				<option value="66px">66px</option>	
				<option value="67px">67px</option>	
				<option value="68px">68px</option>	
				<option value="69px">69px</option>	
				<option value="70px">70px</option>	
				<option value="71px">71px</option>
				<option value="72px">72px</option>	
				<option value="73px">73px</option>	
				<option value="74px">74px</option>	
				<option value="75px">75px</option>	
				<option value="76px">76px</option>	
				<option value="77px">77px</option>	
				<option value="78px">78px</option>	
				<option value="79px">79px</option>				
				<option value="80px">80px</option>	
				<option value="81px">81px</option>	
				<option value="82px">82px</option>
				<option value="83px">83px</option>						
				<option value="84px">84px</option>	
				<option value="85px">85px</option>	
				<option value="86px">86px</option>	
				<option value="87px">87px</option>	
				<option value="88px">88px</option>	
				<option value="89px">89px</option>				
				<option value="90px">90px</option>	
				<option value="91px">91px</option>
				<option value="92px">92px</option>			
				<option value="93px">93px</option>	
				<option value="94px">94px</option>	
				<option value="95px">95px</option>	
				<option value="96px">96px</option>	
				<option value="97px">97px</option>	
				<option value="98px">98px</option>	
				<option value="99px">99px</option>	
				<option value="100px">100px</option>				
			</field>
			<field name="slide4_desc" type="textarea" size="20" default="" label="SLIDE_DESC" description="SLIDE_DESC_DESC" />
			<field name="slide4_textsize" type="list" default="16px" label="TEXT_SIZE" description="TEXT_SIZE_DESC" >				
				<option value="6px">6px</option>
				<option value="8px">8px</option>
				<option value="9px">9px</option>
				<option value="10px">10px</option>
				<option value="11px">11px</option>
				<option value="12px">12px</option>
				<option value="13px">13px</option>
				<option value="14px">14px</option>	
				<option value="15px">15px</option>	
				<option value="16px">16px</option>	
				<option value="17px">17px</option>	
				<option value="18px">18px</option>	
				<option value="19px">19px</option>	
				<option value="20px">20px</option>	
				<option value="21px">21px</option>	
				<option value="22px">22px</option>	
				<option value="23px">23px</option>	
				<option value="24px">24px</option>	
				<option value="25px">25px</option>	
				<option value="26px">26px</option>	
				<option value="27px">27px</option>	
				<option value="28px">28px</option>	
				<option value="29px">29px</option>	
				<option value="30px">30px</option>	
				<option value="31px">31px</option>	
				<option value="32px">32px</option>	
				<option value="33px">33px</option>	
				<option value="13px">34px</option>	
				<option value="34px">34px</option>	
				<option value="35px">35px</option>	
				<option value="36px">36px</option>	
				<option value="37px">37px</option>	
				<option value="38px">38px</option>	
				<option value="39px">39px</option>	
				<option value="40px">40px</option>	
				<option value="41px">41px</option>	
				<option value="42px">42px</option>	
				<option value="43px">43px</option>	
				<option value="44px">44px</option>	
				<option value="45px">45px</option>	
				<option value="46px">46px</option>	
				<option value="47px">47px</option>	
				<option value="48px">48px</option>	
				<option value="49px">49px</option>
				<option value="50px">50px</option>				
				<option value="51px">51px</option>	
				<option value="52px">52px</option>	
				<option value="53px">53px</option>	
				<option value="54px">54px</option>	
				<option value="55px">55px</option>	
				<option value="56px">56px</option>	
				<option value="57px">57px</option>	
				<option value="58px">58px</option>	
				<option value="59px">59px</option>	
				<option value="60px">60px</option>
				<option value="61px">61px</option>	
				<option value="62px">62px</option>	
				<option value="63px">63px</option>	
				<option value="64px">64px</option>	
				<option value="65px">65px</option>	
				<option value="66px">66px</option>	
				<option value="67px">67px</option>	
				<option value="68px">68px</option>	
				<option value="69px">69px</option>	
				<option value="70px">70px</option>	
				<option value="71px">71px</option>
				<option value="72px">72px</option>	
				<option value="73px">73px</option>	
				<option value="74px">74px</option>	
				<option value="75px">75px</option>	
				<option value="76px">76px</option>	
				<option value="77px">77px</option>	
				<option value="78px">78px</option>	
				<option value="79px">79px</option>				
				<option value="80px">80px</option>	
				<option value="81px">81px</option>	
				<option value="82px">82px</option>
				<option value="83px">83px</option>						
				<option value="84px">84px</option>	
				<option value="85px">85px</option>	
				<option value="86px">86px</option>	
				<option value="87px">87px</option>	
				<option value="88px">88px</option>	
				<option value="89px">89px</option>				
				<option value="90px">90px</option>	
				<option value="91px">91px</option>
				<option value="92px">92px</option>			
				<option value="93px">93px</option>	
				<option value="94px">94px</option>	
				<option value="95px">95px</option>	
				<option value="96px">96px</option>	
				<option value="97px">97px</option>	
				<option value="98px">98px</option>	
				<option value="99px">99px</option>	
				<option value="100px">100px</option>				
			</field>	
			<field name="slide4_link" type="text" size="30" default="" label="SLIDE_LINK" description="SLIDE_LINK_DESC" />
			<field name="slide4_target" type="list" default="_self" label="SLIDE_TARGET" description="SLIDE_TARGET_DESC" >
				<option value="_self">Self</option>
				<option value="_blank">Blank</option>				
			</field>
			<field name="slide4_textlink" type="text" size="30" default="Read more" label="SLIDE_TEXTLINK" description="SLIDE_TEXTLINK_DESC" />
			<field name="slide4_padding" type="text" size="30" default="230px 400px 0px 0px" label="SLIDE_PADDING" description="SLIDE_PADDING_DESC" />
			<field name="slide4_align" type="list" default="left" label="SLIDE_ALIGN" description="SLIDE_ALIGN_DESC" >
				<option value="left">Left</option>
				<option value="right">Right</option>
				<option value="center">Center</option>				
			</field>
			
		</fieldset>
		
		<!-- //SLIDE 4 -->




		<!-- SLIDE 5 -->	
		
		<fieldset name="slide5" description="" label="SLIDE5">				
			<field name="slide5_img" type="media" default="" label="SLIDE_IMAGE" description="SLIDE_IMAGE_DESC" />				
			<field name="slide5_title" type="textarea" size="20" default="" label="SLIDE_TITLE" description="SLIDE_TITLE_DESC" />
			<field name="slide5_headingsize" type="list" default="42px" label="HEADING_SIZE" description="HEADING_SIZE_DESC" >
				<option value="12px">12px</option>
				<option value="13px">13px</option>
				<option value="14px">14px</option>	
				<option value="15px">15px</option>	
				<option value="16px">16px</option>	
				<option value="17px">17px</option>	
				<option value="18px">18px</option>	
				<option value="19px">19px</option>	
				<option value="20px">20px</option>	
				<option value="21px">21px</option>	
				<option value="22px">22px</option>	
				<option value="23px">23px</option>	
				<option value="24px">24px</option>	
				<option value="25px">25px</option>	
				<option value="26px">26px</option>	
				<option value="27px">27px</option>	
				<option value="28px">28px</option>	
				<option value="29px">29px</option>	
				<option value="30px">30px</option>	
				<option value="31px">31px</option>	
				<option value="32px">32px</option>	
				<option value="33px">33px</option>	
				<option value="13px">34px</option>	
				<option value="34px">34px</option>	
				<option value="35px">35px</option>	
				<option value="36px">36px</option>	
				<option value="37px">37px</option>	
				<option value="38px">38px</option>	
				<option value="39px">39px</option>	
				<option value="40px">40px</option>	
				<option value="41px">41px</option>	
				<option value="42px">42px</option>	
				<option value="43px">43px</option>	
				<option value="44px">44px</option>	
				<option value="45px">45px</option>	
				<option value="46px">46px</option>	
				<option value="47px">47px</option>	
				<option value="48px">48px</option>	
				<option value="49px">49px</option>
				<option value="50px">50px</option>				
				<option value="51px">51px</option>	
				<option value="52px">52px</option>	
				<option value="53px">53px</option>	
				<option value="54px">54px</option>	
				<option value="55px">55px</option>	
				<option value="56px">56px</option>	
				<option value="57px">57px</option>	
				<option value="58px">58px</option>	
				<option value="59px">59px</option>	
				<option value="60px">60px</option>
				<option value="61px">61px</option>	
				<option value="62px">62px</option>	
				<option value="63px">63px</option>	
				<option value="64px">64px</option>	
				<option value="65px">65px</option>	
				<option value="66px">66px</option>	
				<option value="67px">67px</option>	
				<option value="68px">68px</option>	
				<option value="69px">69px</option>	
				<option value="70px">70px</option>	
				<option value="71px">71px</option>
				<option value="72px">72px</option>	
				<option value="73px">73px</option>	
				<option value="74px">74px</option>	
				<option value="75px">75px</option>	
				<option value="76px">76px</option>	
				<option value="77px">77px</option>	
				<option value="78px">78px</option>	
				<option value="79px">79px</option>				
				<option value="80px">80px</option>	
				<option value="81px">81px</option>	
				<option value="82px">82px</option>
				<option value="83px">83px</option>						
				<option value="84px">84px</option>	
				<option value="85px">85px</option>	
				<option value="86px">86px</option>	
				<option value="87px">87px</option>	
				<option value="88px">88px</option>	
				<option value="89px">89px</option>				
				<option value="90px">90px</option>	
				<option value="91px">91px</option>
				<option value="92px">92px</option>			
				<option value="93px">93px</option>	
				<option value="94px">94px</option>	
				<option value="95px">95px</option>	
				<option value="96px">96px</option>	
				<option value="97px">97px</option>	
				<option value="98px">98px</option>	
				<option value="99px">99px</option>	
				<option value="100px">100px</option>				
			</field>
			<field name="slide5_desc" type="textarea" size="20" default="" label="SLIDE_DESC" description="SLIDE_DESC_DESC" />	
			<field name="slide5_textsize" type="list" default="16px" label="TEXT_SIZE" description="TEXT_SIZE_DESC" >				
				<option value="6px">6px</option>
				<option value="8px">8px</option>
				<option value="9px">9px</option>
				<option value="10px">10px</option>
				<option value="11px">11px</option>
				<option value="12px">12px</option>
				<option value="13px">13px</option>
				<option value="14px">14px</option>	
				<option value="15px">15px</option>	
				<option value="16px">16px</option>	
				<option value="17px">17px</option>	
				<option value="18px">18px</option>	
				<option value="19px">19px</option>	
				<option value="20px">20px</option>	
				<option value="21px">21px</option>	
				<option value="22px">22px</option>	
				<option value="23px">23px</option>	
				<option value="24px">24px</option>	
				<option value="25px">25px</option>	
				<option value="26px">26px</option>	
				<option value="27px">27px</option>	
				<option value="28px">28px</option>	
				<option value="29px">29px</option>	
				<option value="30px">30px</option>	
				<option value="31px">31px</option>	
				<option value="32px">32px</option>	
				<option value="33px">33px</option>	
				<option value="13px">34px</option>	
				<option value="34px">34px</option>	
				<option value="35px">35px</option>	
				<option value="36px">36px</option>	
				<option value="37px">37px</option>	
				<option value="38px">38px</option>	
				<option value="39px">39px</option>	
				<option value="40px">40px</option>	
				<option value="41px">41px</option>	
				<option value="42px">42px</option>	
				<option value="43px">43px</option>	
				<option value="44px">44px</option>	
				<option value="45px">45px</option>	
				<option value="46px">46px</option>	
				<option value="47px">47px</option>	
				<option value="48px">48px</option>	
				<option value="49px">49px</option>
				<option value="50px">50px</option>				
				<option value="51px">51px</option>	
				<option value="52px">52px</option>	
				<option value="53px">53px</option>	
				<option value="54px">54px</option>	
				<option value="55px">55px</option>	
				<option value="56px">56px</option>	
				<option value="57px">57px</option>	
				<option value="58px">58px</option>	
				<option value="59px">59px</option>	
				<option value="60px">60px</option>
				<option value="61px">61px</option>	
				<option value="62px">62px</option>	
				<option value="63px">63px</option>	
				<option value="64px">64px</option>	
				<option value="65px">65px</option>	
				<option value="66px">66px</option>	
				<option value="67px">67px</option>	
				<option value="68px">68px</option>	
				<option value="69px">69px</option>	
				<option value="70px">70px</option>	
				<option value="71px">71px</option>
				<option value="72px">72px</option>	
				<option value="73px">73px</option>	
				<option value="74px">74px</option>	
				<option value="75px">75px</option>	
				<option value="76px">76px</option>	
				<option value="77px">77px</option>	
				<option value="78px">78px</option>	
				<option value="79px">79px</option>				
				<option value="80px">80px</option>	
				<option value="81px">81px</option>	
				<option value="82px">82px</option>
				<option value="83px">83px</option>						
				<option value="84px">84px</option>	
				<option value="85px">85px</option>	
				<option value="86px">86px</option>	
				<option value="87px">87px</option>	
				<option value="88px">88px</option>	
				<option value="89px">89px</option>				
				<option value="90px">90px</option>	
				<option value="91px">91px</option>
				<option value="92px">92px</option>			
				<option value="93px">93px</option>	
				<option value="94px">94px</option>	
				<option value="95px">95px</option>	
				<option value="96px">96px</option>	
				<option value="97px">97px</option>	
				<option value="98px">98px</option>	
				<option value="99px">99px</option>	
				<option value="100px">100px</option>				
			</field>	
			<field name="slide5_link" type="text" size="30" default="" label="SLIDE_LINK" description="SLIDE_LINK_DESC" />
			<field name="slide5_target" type="list" default="_self" label="SLIDE_TARGET" description="SLIDE_TARGET_DESC" >
				<option value="_self">Self</option>
				<option value="_blank">Blank</option>				
			</field>
			<field name="slide5_textlink" type="text" size="30" default="Read more" label="SLIDE_TEXTLINK" description="SLIDE_TEXTLINK_DESC" />
			<field name="slide5_padding" type="text" size="30" default="230px 400px 0px 0px" label="SLIDE_PADDING" description="SLIDE_PADDING_DESC" />
			<field name="slide5_align" type="list" default="left" label="SLIDE_ALIGN" description="SLIDE_ALIGN_DESC" >
				<option value="left">Left</option>
				<option value="right">Right</option>
				<option value="center">Center</option>				
			</field>
			
		</fieldset>
		
		<!-- //SLIDE 5 -->



		<!-- SLIDE 6 -->	
		
		<fieldset name="slide6" description="" label="SLIDE6">				
			<field name="slide6_img" type="media" default="" label="SLIDE_IMAGE" description="SLIDE_IMAGE_DESC" />				
			<field name="slide6_title" type="textarea" size="20" default="" label="SLIDE_TITLE" description="SLIDE_TITLE_DESC" />
			<field name="slide6_headingsize" type="list" default="42px" label="HEADING_SIZE" description="HEADING_SIZE_DESC" >
				<option value="12px">12px</option>
				<option value="13px">13px</option>
				<option value="14px">14px</option>	
				<option value="15px">15px</option>	
				<option value="16px">16px</option>	
				<option value="17px">17px</option>	
				<option value="18px">18px</option>	
				<option value="19px">19px</option>	
				<option value="20px">20px</option>	
				<option value="21px">21px</option>	
				<option value="22px">22px</option>	
				<option value="23px">23px</option>	
				<option value="24px">24px</option>	
				<option value="25px">25px</option>	
				<option value="26px">26px</option>	
				<option value="27px">27px</option>	
				<option value="28px">28px</option>	
				<option value="29px">29px</option>	
				<option value="30px">30px</option>	
				<option value="31px">31px</option>	
				<option value="32px">32px</option>	
				<option value="33px">33px</option>	
				<option value="13px">34px</option>	
				<option value="34px">34px</option>	
				<option value="35px">35px</option>	
				<option value="36px">36px</option>	
				<option value="37px">37px</option>	
				<option value="38px">38px</option>	
				<option value="39px">39px</option>	
				<option value="40px">40px</option>	
				<option value="41px">41px</option>	
				<option value="42px">42px</option>	
				<option value="43px">43px</option>	
				<option value="44px">44px</option>	
				<option value="45px">45px</option>	
				<option value="46px">46px</option>	
				<option value="47px">47px</option>	
				<option value="48px">48px</option>	
				<option value="49px">49px</option>
				<option value="50px">50px</option>				
				<option value="51px">51px</option>	
				<option value="52px">52px</option>	
				<option value="53px">53px</option>	
				<option value="54px">54px</option>	
				<option value="55px">55px</option>	
				<option value="56px">56px</option>	
				<option value="57px">57px</option>	
				<option value="58px">58px</option>	
				<option value="59px">59px</option>	
				<option value="60px">60px</option>
				<option value="61px">61px</option>	
				<option value="62px">62px</option>	
				<option value="63px">63px</option>	
				<option value="64px">64px</option>	
				<option value="65px">65px</option>	
				<option value="66px">66px</option>	
				<option value="67px">67px</option>	
				<option value="68px">68px</option>	
				<option value="69px">69px</option>	
				<option value="70px">70px</option>	
				<option value="71px">71px</option>
				<option value="72px">72px</option>	
				<option value="73px">73px</option>	
				<option value="74px">74px</option>	
				<option value="75px">75px</option>	
				<option value="76px">76px</option>	
				<option value="77px">77px</option>	
				<option value="78px">78px</option>	
				<option value="79px">79px</option>				
				<option value="80px">80px</option>	
				<option value="81px">81px</option>	
				<option value="82px">82px</option>
				<option value="83px">83px</option>						
				<option value="84px">84px</option>	
				<option value="85px">85px</option>	
				<option value="86px">86px</option>	
				<option value="87px">87px</option>	
				<option value="88px">88px</option>	
				<option value="89px">89px</option>				
				<option value="90px">90px</option>	
				<option value="91px">91px</option>
				<option value="92px">92px</option>			
				<option value="93px">93px</option>	
				<option value="94px">94px</option>	
				<option value="95px">95px</option>	
				<option value="96px">96px</option>	
				<option value="97px">97px</option>	
				<option value="98px">98px</option>	
				<option value="99px">99px</option>	
				<option value="100px">100px</option>				
			</field>
			<field name="slide6_desc" type="textarea" size="20" default="" label="SLIDE_DESC" description="SLIDE_DESC_DESC" />
			<field name="slide6_textsize" type="list" default="16px" label="TEXT_SIZE" description="TEXT_SIZE_DESC" >				
				<option value="6px">6px</option>
				<option value="8px">8px</option>
				<option value="9px">9px</option>
				<option value="10px">10px</option>
				<option value="11px">11px</option>
				<option value="12px">12px</option>
				<option value="13px">13px</option>
				<option value="14px">14px</option>	
				<option value="15px">15px</option>	
				<option value="16px">16px</option>	
				<option value="17px">17px</option>	
				<option value="18px">18px</option>	
				<option value="19px">19px</option>	
				<option value="20px">20px</option>	
				<option value="21px">21px</option>	
				<option value="22px">22px</option>	
				<option value="23px">23px</option>	
				<option value="24px">24px</option>	
				<option value="25px">25px</option>	
				<option value="26px">26px</option>	
				<option value="27px">27px</option>	
				<option value="28px">28px</option>	
				<option value="29px">29px</option>	
				<option value="30px">30px</option>	
				<option value="31px">31px</option>	
				<option value="32px">32px</option>	
				<option value="33px">33px</option>	
				<option value="13px">34px</option>	
				<option value="34px">34px</option>	
				<option value="35px">35px</option>	
				<option value="36px">36px</option>	
				<option value="37px">37px</option>	
				<option value="38px">38px</option>	
				<option value="39px">39px</option>	
				<option value="40px">40px</option>	
				<option value="41px">41px</option>	
				<option value="42px">42px</option>	
				<option value="43px">43px</option>	
				<option value="44px">44px</option>	
				<option value="45px">45px</option>	
				<option value="46px">46px</option>	
				<option value="47px">47px</option>	
				<option value="48px">48px</option>	
				<option value="49px">49px</option>
				<option value="50px">50px</option>				
				<option value="51px">51px</option>	
				<option value="52px">52px</option>	
				<option value="53px">53px</option>	
				<option value="54px">54px</option>	
				<option value="55px">55px</option>	
				<option value="56px">56px</option>	
				<option value="57px">57px</option>	
				<option value="58px">58px</option>	
				<option value="59px">59px</option>	
				<option value="60px">60px</option>
				<option value="61px">61px</option>	
				<option value="62px">62px</option>	
				<option value="63px">63px</option>	
				<option value="64px">64px</option>	
				<option value="65px">65px</option>	
				<option value="66px">66px</option>	
				<option value="67px">67px</option>	
				<option value="68px">68px</option>	
				<option value="69px">69px</option>	
				<option value="70px">70px</option>	
				<option value="71px">71px</option>
				<option value="72px">72px</option>	
				<option value="73px">73px</option>	
				<option value="74px">74px</option>	
				<option value="75px">75px</option>	
				<option value="76px">76px</option>	
				<option value="77px">77px</option>	
				<option value="78px">78px</option>	
				<option value="79px">79px</option>				
				<option value="80px">80px</option>	
				<option value="81px">81px</option>	
				<option value="82px">82px</option>
				<option value="83px">83px</option>						
				<option value="84px">84px</option>	
				<option value="85px">85px</option>	
				<option value="86px">86px</option>	
				<option value="87px">87px</option>	
				<option value="88px">88px</option>	
				<option value="89px">89px</option>				
				<option value="90px">90px</option>	
				<option value="91px">91px</option>
				<option value="92px">92px</option>			
				<option value="93px">93px</option>	
				<option value="94px">94px</option>	
				<option value="95px">95px</option>	
				<option value="96px">96px</option>	
				<option value="97px">97px</option>	
				<option value="98px">98px</option>	
				<option value="99px">99px</option>	
				<option value="100px">100px</option>				
			</field>	
			<field name="slide6_link" type="text" size="30" default="" label="SLIDE_LINK" description="SLIDE_LINK_DESC" />
			<field name="slide6_target" type="list" default="_self" label="SLIDE_TARGET" description="SLIDE_TARGET_DESC" >
				<option value="_self">Self</option>
				<option value="_blank">Blank</option>				
			</field>
			<field name="slide6_textlink" type="text" size="30" default="Read more" label="SLIDE_TEXTLINK" description="SLIDE_TEXTLINK_DESC" />
			<field name="slide6_padding" type="text" size="30" default="230px 400px 0px 0px" label="SLIDE_PADDING" description="SLIDE_PADDING_DESC" />
			<field name="slide6_align" type="list" default="left" label="SLIDE_ALIGN" description="SLIDE_ALIGN_DESC" >
				<option value="left">Left</option>
				<option value="right">Right</option>
				<option value="center">Center</option>				
			</field>
			
		</fieldset>
		
		<!-- //SLIDE 6 -->





		<!-- SLIDE 7 -->	
		
		<fieldset name="slide7" description="" label="SLIDE7">				
			<field name="slide7_img" type="media" default="" label="SLIDE_IMAGE" description="SLIDE_IMAGE_DESC" />				
			<field name="slide7_title" type="textarea" size="20" default="" label="SLIDE_TITLE" description="SLIDE_TITLE_DESC" />
			<field name="slide7_headingsize" type="list" default="42px" label="HEADING_SIZE" description="HEADING_SIZE_DESC" >
				<option value="12px">12px</option>
				<option value="13px">13px</option>
				<option value="14px">14px</option>	
				<option value="15px">15px</option>	
				<option value="16px">16px</option>	
				<option value="17px">17px</option>	
				<option value="18px">18px</option>	
				<option value="19px">19px</option>	
				<option value="20px">20px</option>	
				<option value="21px">21px</option>	
				<option value="22px">22px</option>	
				<option value="23px">23px</option>	
				<option value="24px">24px</option>	
				<option value="25px">25px</option>	
				<option value="26px">26px</option>	
				<option value="27px">27px</option>	
				<option value="28px">28px</option>	
				<option value="29px">29px</option>	
				<option value="30px">30px</option>	
				<option value="31px">31px</option>	
				<option value="32px">32px</option>	
				<option value="33px">33px</option>	
				<option value="13px">34px</option>	
				<option value="34px">34px</option>	
				<option value="35px">35px</option>	
				<option value="36px">36px</option>	
				<option value="37px">37px</option>	
				<option value="38px">38px</option>	
				<option value="39px">39px</option>	
				<option value="40px">40px</option>	
				<option value="41px">41px</option>	
				<option value="42px">42px</option>	
				<option value="43px">43px</option>	
				<option value="44px">44px</option>	
				<option value="45px">45px</option>	
				<option value="46px">46px</option>	
				<option value="47px">47px</option>	
				<option value="48px">48px</option>	
				<option value="49px">49px</option>
				<option value="50px">50px</option>				
				<option value="51px">51px</option>	
				<option value="52px">52px</option>	
				<option value="53px">53px</option>	
				<option value="54px">54px</option>	
				<option value="55px">55px</option>	
				<option value="56px">56px</option>	
				<option value="57px">57px</option>	
				<option value="58px">58px</option>	
				<option value="59px">59px</option>	
				<option value="60px">60px</option>
				<option value="61px">61px</option>	
				<option value="62px">62px</option>	
				<option value="63px">63px</option>	
				<option value="64px">64px</option>	
				<option value="65px">65px</option>	
				<option value="66px">66px</option>	
				<option value="67px">67px</option>	
				<option value="68px">68px</option>	
				<option value="69px">69px</option>	
				<option value="70px">70px</option>	
				<option value="71px">71px</option>
				<option value="72px">72px</option>	
				<option value="73px">73px</option>	
				<option value="74px">74px</option>	
				<option value="75px">75px</option>	
				<option value="76px">76px</option>	
				<option value="77px">77px</option>	
				<option value="78px">78px</option>	
				<option value="79px">79px</option>				
				<option value="80px">80px</option>	
				<option value="81px">81px</option>	
				<option value="82px">82px</option>
				<option value="83px">83px</option>						
				<option value="84px">84px</option>	
				<option value="85px">85px</option>	
				<option value="86px">86px</option>	
				<option value="87px">87px</option>	
				<option value="88px">88px</option>	
				<option value="89px">89px</option>				
				<option value="90px">90px</option>	
				<option value="91px">91px</option>
				<option value="92px">92px</option>			
				<option value="93px">93px</option>	
				<option value="94px">94px</option>	
				<option value="95px">95px</option>	
				<option value="96px">96px</option>	
				<option value="97px">97px</option>	
				<option value="98px">98px</option>	
				<option value="99px">99px</option>	
				<option value="100px">100px</option>				
			</field>
			<field name="slide7_desc" type="textarea" size="20" default="" label="SLIDE_DESC" description="SLIDE_DESC_DESC" />
			<field name="slide7_textsize" type="list" default="16px" label="TEXT_SIZE" description="TEXT_SIZE_DESC" >				
				<option value="6px">6px</option>
				<option value="8px">8px</option>
				<option value="9px">9px</option>
				<option value="10px">10px</option>
				<option value="11px">11px</option>
				<option value="12px">12px</option>
				<option value="13px">13px</option>
				<option value="14px">14px</option>	
				<option value="15px">15px</option>	
				<option value="16px">16px</option>	
				<option value="17px">17px</option>	
				<option value="18px">18px</option>	
				<option value="19px">19px</option>	
				<option value="20px">20px</option>	
				<option value="21px">21px</option>	
				<option value="22px">22px</option>	
				<option value="23px">23px</option>	
				<option value="24px">24px</option>	
				<option value="25px">25px</option>	
				<option value="26px">26px</option>	
				<option value="27px">27px</option>	
				<option value="28px">28px</option>	
				<option value="29px">29px</option>	
				<option value="30px">30px</option>	
				<option value="31px">31px</option>	
				<option value="32px">32px</option>	
				<option value="33px">33px</option>	
				<option value="13px">34px</option>	
				<option value="34px">34px</option>	
				<option value="35px">35px</option>	
				<option value="36px">36px</option>	
				<option value="37px">37px</option>	
				<option value="38px">38px</option>	
				<option value="39px">39px</option>	
				<option value="40px">40px</option>	
				<option value="41px">41px</option>	
				<option value="42px">42px</option>	
				<option value="43px">43px</option>	
				<option value="44px">44px</option>	
				<option value="45px">45px</option>	
				<option value="46px">46px</option>	
				<option value="47px">47px</option>	
				<option value="48px">48px</option>	
				<option value="49px">49px</option>
				<option value="50px">50px</option>				
				<option value="51px">51px</option>	
				<option value="52px">52px</option>	
				<option value="53px">53px</option>	
				<option value="54px">54px</option>	
				<option value="55px">55px</option>	
				<option value="56px">56px</option>	
				<option value="57px">57px</option>	
				<option value="58px">58px</option>	
				<option value="59px">59px</option>	
				<option value="60px">60px</option>
				<option value="61px">61px</option>	
				<option value="62px">62px</option>	
				<option value="63px">63px</option>	
				<option value="64px">64px</option>	
				<option value="65px">65px</option>	
				<option value="66px">66px</option>	
				<option value="67px">67px</option>	
				<option value="68px">68px</option>	
				<option value="69px">69px</option>	
				<option value="70px">70px</option>	
				<option value="71px">71px</option>
				<option value="72px">72px</option>	
				<option value="73px">73px</option>	
				<option value="74px">74px</option>	
				<option value="75px">75px</option>	
				<option value="76px">76px</option>	
				<option value="77px">77px</option>	
				<option value="78px">78px</option>	
				<option value="79px">79px</option>				
				<option value="80px">80px</option>	
				<option value="81px">81px</option>	
				<option value="82px">82px</option>
				<option value="83px">83px</option>						
				<option value="84px">84px</option>	
				<option value="85px">85px</option>	
				<option value="86px">86px</option>	
				<option value="87px">87px</option>	
				<option value="88px">88px</option>	
				<option value="89px">89px</option>				
				<option value="90px">90px</option>	
				<option value="91px">91px</option>
				<option value="92px">92px</option>			
				<option value="93px">93px</option>	
				<option value="94px">94px</option>	
				<option value="95px">95px</option>	
				<option value="96px">96px</option>	
				<option value="97px">97px</option>	
				<option value="98px">98px</option>	
				<option value="99px">99px</option>	
				<option value="100px">100px</option>				
			</field>	
			<field name="slide7_link" type="text" size="30" default="" label="SLIDE_LINK" description="SLIDE_LINK_DESC" />
			<field name="slide7_target" type="list" default="_self" label="SLIDE_TARGET" description="SLIDE_TARGET_DESC" >
				<option value="_self">Self</option>
				<option value="_blank">Blank</option>				
			</field>
			<field name="slide7_textlink" type="text" size="30" default="Read more" label="SLIDE_TEXTLINK" description="SLIDE_TEXTLINK_DESC" />
			<field name="slide7_padding" type="text" size="30" default="230px 400px 0px 0px" label="SLIDE_PADDING" description="SLIDE_PADDING_DESC" />
			<field name="slide7_align" type="list" default="left" label="SLIDE_ALIGN" description="SLIDE_ALIGN_DESC" >
				<option value="left">Left</option>
				<option value="right">Right</option>
				<option value="center">Center</option>				
			</field>
			
		</fieldset>
		
		<!-- //SLIDE 7 -->	
		
		
		
		
	</fields>
</config>
</extension>