<?xml version="1.0" encoding="UTF-8" ?>
<extension type="library" version="1.6" method="upgrade">
	<name>Gantry</name>
	<libraryname>gantry</libraryname>
	<description>${project.description}</description>
    <creationDate>January 25, 2012</creationDate>
    <author>RocketTheme, LLC</author>
    <authorEmail>support@rockettheme.com</authorEmail>
    <authorUrl>http://www.rockettheme.com</authorUrl>
    <copyright>(C) 2005 - 2012 RocketTheme, LLC. All rights reserved.</copyright>
    <license>http://www.gnu.org/copyleft/gpl.html GNU/GPL</license>
    <version>3.2.15</version>
	<files folder=".">
        <file>CHANGELOG.php</file>
        <file>CREDITS.php</file>
        <file>index.html</file>
        <file>gantry.config.php</file>
        <file>gantry.php</file>
        <folder>admin</folder>
        <folder>ajax-models</folder>
        <folder>core</folder>
        <folder>css</folder>
        <folder>facets</folder>
        <folder>features</folder>
        <folder>html</folder>
        <folder>images</folder>
        <folder>js</folder>
        <folder>tmpl</folder>
        <folder>libs</folder>
    </files>
    <!-- Extension Update Specification -->
	<updateservers>
		<server type="extension" priority="1" name="Gantry Framework Update Site">http://www.gantry-framework.org/updates/joomla16/gantry.xml</server>
	</updateservers>
</extension>
