<?xml version="1.0" encoding="utf-8"?>
<!DOCTYPE install PUBLIC "-//Joomla! 1.6//DTD template 1.0//EN" "http://www.joomla.org/xml/dtd/1.6/template-install.dtd">
<extension version="2.5.1" type="template" method="upgrade" client="site">
    <name>activity</name>
    <author>Mariusz Boloz</author>
    <creationDate>December 30 2011</creationDate>
    <copyright>(C) Mariusz Boloz</copyright>
    <license></license>
    <authorEmail>mariuszboloz@gmail.com</authorEmail>
    <authorUrl>http://www.mariuszboloz.com</authorUrl>
    <version>1.2</version>
    <description>${project.description}</description>
    <files>
        <filename>index.php</filename>
        <filename>component.php</filename>
        <filename>debugbody.php</filename>
		<filename>error.php</filename>
		<filename>offline.php</filename>
        <filename>gantry.config.php</filename>
        <filename>htaccess.txt</filename>
        <filename>template_thumbnail.png</filename>
        <filename>template-options.12.xml</filename>
        <filename>template-options.16.xml</filename>
        <filename>template-options.xml</filename>
        <filename>templateDetails.xml</filename>
        <filename>template-overview.php</filename>
        <filename>tests.php</filename>
        <folder>admin</folder>
        <folder>css</folder>
        <folder>custom</folder>
        <folder>features</folder>
        <folder>html</folder>
        <folder>images</folder>
        <folder>js</folder>
        <folder>lib</folder>
    </files>
    <positions>
        <position>analytics</position>
        <position>header-a</position>
        <position>header-b</position>
        <position>header-c</position>
        <position>header-d</position>
        <position>header-e</position>
        <position>header-f</position>		  
        <position>showcase-a</position>
        <position>showcase-b</position>
        <position>showcase-c</position>
        <position>showcase-d</position>
        <position>showcase-e</position>
        <position>showcase-f</position>
		<position>slider</position>
		<position>fullslider</position>
        <position>features-a</position>
        <position>features-b</position>
        <position>features-c</position>
        <position>features-d</position>
        <position>features-e</position>
        <position>features-f</position>
        <position>utility-a</position>
        <position>utility-b</position>
        <position>utility-c</position>
        <position>utility-d</position>
        <position>utility-e</position>
        <position>utility-f</position>
        <position>maintop-a</position>
        <position>maintop-b</position>
        <position>maintop-c</position>
        <position>maintop-d</position>
        <position>maintop-e</position>
        <position>maintop-f</position>
        <position>breadcrumb</position>
        <position>sidebar-a</position>
        <position>sidebar-b</position>
        <position>sidebar-c</position>
        <position>content-top-a</position>
        <position>content-top-b</position>
        <position>content-top-c</position>
        <position>content-bottom-a</position>
        <position>content-bottom-b</position>
        <position>content-bottom-c</position>
        <position>mainbottom-a</position>
        <position>mainbottom-b</position>
        <position>mainbottom-c</position>
        <position>mainbottom-d</position>
        <position>mainbottom-e</position>
        <position>mainbottom-f</position>		
        <position>bottom-a</position>
        <position>bottom-b</position>
        <position>bottom-c</position>
        <position>bottom-d</position>
        <position>bottom-e</position>
        <position>bottom-f</position>
        <position>footer-a</position>
        <position>footer-b</position>
        <position>footer-c</position>
        <position>footer-d</position>
        <position>footer-e</position>
        <position>footer-f</position>
        <position>copyright</position>
		<position>paneltop</position>
        <position mobile="true">mobile-drawer</position>
        <position mobile="true">mobile-top</position>
        <position mobile="true">mobile-header</position>
        <position mobile="true">mobile-navigation</position>
        <position mobile="true">mobile-showcase</position>
        <position mobile="true">mobile-footer</position>
        <position mobile="true">mobile-copyright</position>
        <position>debug</position>
    </positions>
    <languages folder="language">
        <language tag="en-GB">en-GB/en-GB.tpl_activity.ini</language>
    </languages>
	<config>
        <fields name="params">
            <fieldset name="base" addfieldpath="/templates/activity/fields">
                <field name="master" type="hidden" value="true" default="true"/>
                <field type="spacer" label="This template needs the &lt;a href='http://www.gantry-framework.org'&gt;Gantry Template Framework&lt;/a&gt;.  Please download and install from &lt;a href='http://www.gantry-framework.org'&gt;here&lt;/a&gt;"/>
            </fieldset>
        </fields>
    </config>
</extension>
