<?xml version="1.0" encoding="utf-8"?>
<extension version="1.6" type="plugin" group="system" method="upgrade">
	<name>System - RokExtender</name>
	<author>RocketTheme, LLC</author>
	<creationDate>February 24, 2011</creationDate>
	<copyright>(C) 2005 - 2011 RocketTheme, LLC. All rights reserved.</copyright>
	<license>http://www.gnu.org/copyleft/gpl.html GNU/GPL</license>
	<authorEmail>support@rockettheme.com</authorEmail>
	<authorUrl>http://www.rockettheme.com</authorUrl>
	<version>1.0</version>
	<description>System - Gantry</description>
	<files>
		<filename plugin="rokextender">rokextender.php</filename>
		<filename>index.html</filename>
	</files>
    	<config>
		<fields name="params">
			<fieldset name="advanced">
				<field name="registered" type="text"
					default=""
					description=""
					label=""
				/>
			</fieldset>
		</fields>
	</config>
</extension>
